ltv_ratio,collateral_req_pct,liquidation_rate,avg_lender_return,roi
1.2,120.0,100.0,0.0,0.0
1.3,130.0,100.0,0.0,0.0
1.4,140.0,93.60000000000001,32.0,0.64
1.5,150.0,87.0,65.0,1.3
1.6,160.0,75.8,121.0,2.42
1.8,180.0,58.599999999999994,207.0,4.14
2.0,200.0,38.4,308.0,6.16
